solver,relative_path,file,size,size_from_name,difficulty,puzzle_id,status,iterations,solver_calls,time_sec,num_variables,num_constraints,num_blocking_clauses,notes
iterative,puzzle_10x10_hard_1.txt,data/puzzles/sat/puzzle_10x10_hard_1.txt,10x10,10x10,hard,1,SAT,3,3,0.273738,220,273,2,
flow_timestamp,puzzle_10x10_hard_1.txt,data/puzzles/sat/puzzle_10x10_hard_1.txt,10x10,10x10,hard,1,SAT,0,1,0.907528,902,1878,0,symbolic_start
iterative,puzzle_10x10_hard_10.txt,data/puzzles/sat/puzzle_10x10_hard_10.txt,10x10,10x10,hard,10,SAT,4,4,0.250401,220,272,3,
flow_timestamp,puzzle_10x10_hard_10.txt,data/puzzles/sat/puzzle_10x10_hard_10.txt,10x10,10x10,hard,10,SAT,0,1,0.997655,902,1876,0,symbolic_start
iterative,puzzle_10x10_hard_11.txt,data/puzzles/sat/puzzle_10x10_hard_11.txt,10x10,10x10,hard,11,SAT,7,7,0.281915,220,268,6,
flow_timestamp,puzzle_10x10_hard_11.txt,data/puzzles/sat/puzzle_10x10_hard_11.txt,10x10,10x10,hard,11,SAT,0,1,0.801636,902,1869,0,symbolic_start
iterative,puzzle_10x10_hard_12.txt,data/puzzles/sat/puzzle_10x10_hard_12.txt,10x10,10x10,hard,12,TIMEOUT_OR_MAX_ITER,100,100,1.051737,220,354,100,
flow_timestamp,puzzle_10x10_hard_12.txt,data/puzzles/sat/puzzle_10x10_hard_12.txt,10x10,10x10,hard,12,SAT,0,1,1.568265,902,1861,0,symbolic_start
iterative,puzzle_10x10_hard_13.txt,data/puzzles/sat/puzzle_10x10_hard_13.txt,10x10,10x10,hard,13,SAT,2,2,0.326960,220,269,1,
flow_timestamp,puzzle_10x10_hard_13.txt,data/puzzles/sat/puzzle_10x10_hard_13.txt,10x10,10x10,hard,13,SAT,0,1,0.993490,902,1875,0,symbolic_start
iterative,puzzle_10x10_hard_14.txt,data/puzzles/sat/puzzle_10x10_hard_14.txt,10x10,10x10,hard,14,SAT,5,5,0.285827,220,269,4,
flow_timestamp,puzzle_10x10_hard_14.txt,data/puzzles/sat/puzzle_10x10_hard_14.txt,10x10,10x10,hard,14,SAT,0,1,0.896749,902,1872,0,symbolic_start
iterative,puzzle_10x10_hard_15.txt,data/puzzles/sat/puzzle_10x10_hard_15.txt,10x10,10x10,hard,15,SAT,4,4,0.236916,220,268,3,
flow_timestamp,puzzle_10x10_hard_15.txt,data/puzzles/sat/puzzle_10x10_hard_15.txt,10x10,10x10,hard,15,SAT,0,1,1.012699,902,1872,0,symbolic_start
iterative,puzzle_10x10_hard_16.txt,data/puzzles/sat/puzzle_10x10_hard_16.txt,10x10,10x10,hard,16,SAT,9,9,0.325600,220,267,8,
flow_timestamp,puzzle_10x10_hard_16.txt,data/puzzles/sat/puzzle_10x10_hard_16.txt,10x10,10x10,hard,16,SAT,0,1,1.746456,902,1866,0,symbolic_start
iterative,puzzle_10x10_hard_17.txt,data/puzzles/sat/puzzle_10x10_hard_17.txt,10x10,10x10,hard,17,SAT,1,1,0.160576,220,262,0,
flow_timestamp,puzzle_10x10_hard_17.txt,data/puzzles/sat/puzzle_10x10_hard_17.txt,10x10,10x10,hard,17,SAT,0,1,0.969295,902,1869,0,symbolic_start
iterative,puzzle_10x10_hard_18.txt,data/puzzles/sat/puzzle_10x10_hard_18.txt,10x10,10x10,hard,18,SAT,9,9,0.257172,220,268,8,
flow_timestamp,puzzle_10x10_hard_18.txt,data/puzzles/sat/puzzle_10x10_hard_18.txt,10x10,10x10,hard,18,SAT,0,1,1.400720,902,1867,0,symbolic_start
iterative,puzzle_10x10_hard_19.txt,data/puzzles/sat/puzzle_10x10_hard_19.txt,10x10,10x10,hard,19,SAT,4,4,0.332840,220,269,3,
flow_timestamp,puzzle_10x10_hard_19.txt,data/puzzles/sat/puzzle_10x10_hard_19.txt,10x10,10x10,hard,19,SAT,0,1,1.614974,902,1873,0,symbolic_start
iterative,puzzle_10x10_hard_2.txt,data/puzzles/sat/puzzle_10x10_hard_2.txt,10x10,10x10,hard,2,SAT,4,4,0.305506,220,269,3,
flow_timestamp,puzzle_10x10_hard_2.txt,data/puzzles/sat/puzzle_10x10_hard_2.txt,10x10,10x10,hard,2,SAT,0,1,0.866756,902,1873,0,symbolic_start
iterative,puzzle_10x10_hard_20.txt,data/puzzles/sat/puzzle_10x10_hard_20.txt,10x10,10x10,hard,20,SAT,6,6,0.262348,220,268,5,
flow_timestamp,puzzle_10x10_hard_20.txt,data/puzzles/sat/puzzle_10x10_hard_20.txt,10x10,10x10,hard,20,SAT,0,1,1.155477,902,1870,0,symbolic_start
iterative,puzzle_10x10_hard_21.txt,data/puzzles/sat/puzzle_10x10_hard_21.txt,10x10,10x10,hard,21,SAT,7,7,0.313587,220,266,6,
flow_timestamp,puzzle_10x10_hard_21.txt,data/puzzles/sat/puzzle_10x10_hard_21.txt,10x10,10x10,hard,21,SAT,0,1,1.905053,902,1867,0,symbolic_start
iterative,puzzle_10x10_hard_22.txt,data/puzzles/sat/puzzle_10x10_hard_22.txt,10x10,10x10,hard,22,SAT,5,5,0.277189,220,270,4,
flow_timestamp,puzzle_10x10_hard_22.txt,data/puzzles/sat/puzzle_10x10_hard_22.txt,10x10,10x10,hard,22,SAT,0,1,0.846219,902,1873,0,symbolic_start
iterative,puzzle_10x10_hard_23.txt,data/puzzles/sat/puzzle_10x10_hard_23.txt,10x10,10x10,hard,23,SAT,9,9,0.364263,220,275,8,
flow_timestamp,puzzle_10x10_hard_23.txt,data/puzzles/sat/puzzle_10x10_hard_23.txt,10x10,10x10,hard,23,SAT,0,1,1.243426,902,1874,0,symbolic_start
iterative,puzzle_10x10_hard_24.txt,data/puzzles/sat/puzzle_10x10_hard_24.txt,10x10,10x10,hard,24,SAT,2,2,0.307416,220,270,1,
flow_timestamp,puzzle_10x10_hard_24.txt,data/puzzles/sat/puzzle_10x10_hard_24.txt,10x10,10x10,hard,24,SAT,0,1,1.164523,902,1876,0,symbolic_start
iterative,puzzle_10x10_hard_25.txt,data/puzzles/sat/puzzle_10x10_hard_25.txt,10x10,10x10,hard,25,SAT,9,9,0.451185,220,270,8,
flow_timestamp,puzzle_10x10_hard_25.txt,data/puzzles/sat/puzzle_10x10_hard_25.txt,10x10,10x10,hard,25,SAT,0,1,1.478835,902,1869,0,symbolic_start
iterative,puzzle_10x10_hard_26.txt,data/puzzles/sat/puzzle_10x10_hard_26.txt,10x10,10x10,hard,26,SAT,3,3,0.272385,220,268,2,
flow_timestamp,puzzle_10x10_hard_26.txt,data/puzzles/sat/puzzle_10x10_hard_26.txt,10x10,10x10,hard,26,SAT,0,1,1.519151,902,1873,0,symbolic_start
iterative,puzzle_10x10_hard_27.txt,data/puzzles/sat/puzzle_10x10_hard_27.txt,10x10,10x10,hard,27,SAT,2,2,0.338032,220,269,1,
flow_timestamp,puzzle_10x10_hard_27.txt,data/puzzles/sat/puzzle_10x10_hard_27.txt,10x10,10x10,hard,27,SAT,0,1,1.359220,902,1875,0,symbolic_start
iterative,puzzle_10x10_hard_28.txt,data/puzzles/sat/puzzle_10x10_hard_28.txt,10x10,10x10,hard,28,SAT,13,13,0.409797,220,280,12,
flow_timestamp,puzzle_10x10_hard_28.txt,data/puzzles/sat/puzzle_10x10_hard_28.txt,10x10,10x10,hard,28,SAT,0,1,1.183732,902,1875,0,symbolic_start
iterative,puzzle_10x10_hard_29.txt,data/puzzles/sat/puzzle_10x10_hard_29.txt,10x10,10x10,hard,29,SAT,4,4,0.288167,220,269,3,
flow_timestamp,puzzle_10x10_hard_29.txt,data/puzzles/sat/puzzle_10x10_hard_29.txt,10x10,10x10,hard,29,SAT,0,1,0.789713,902,1873,0,symbolic_start
iterative,puzzle_10x10_hard_3.txt,data/puzzles/sat/puzzle_10x10_hard_3.txt,10x10,10x10,hard,3,SAT,6,6,0.284757,220,267,5,
flow_timestamp,puzzle_10x10_hard_3.txt,data/puzzles/sat/puzzle_10x10_hard_3.txt,10x10,10x10,hard,3,SAT,0,1,0.870150,902,1869,0,symbolic_start
iterative,puzzle_10x10_hard_30.txt,data/puzzles/sat/puzzle_10x10_hard_30.txt,10x10,10x10,hard,30,SAT,5,5,0.321716,220,270,4,
flow_timestamp,puzzle_10x10_hard_30.txt,data/puzzles/sat/puzzle_10x10_hard_30.txt,10x10,10x10,hard,30,SAT,0,1,2.092770,902,1873,0,symbolic_start
iterative,puzzle_10x10_hard_4.txt,data/puzzles/sat/puzzle_10x10_hard_4.txt,10x10,10x10,hard,4,SAT,3,3,0.310082,220,272,2,
flow_timestamp,puzzle_10x10_hard_4.txt,data/puzzles/sat/puzzle_10x10_hard_4.txt,10x10,10x10,hard,4,SAT,0,1,0.938240,902,1877,0,symbolic_start
iterative,puzzle_10x10_hard_5.txt,data/puzzles/sat/puzzle_10x10_hard_5.txt,10x10,10x10,hard,5,SAT,2,2,0.259231,220,268,1,
flow_timestamp,puzzle_10x10_hard_5.txt,data/puzzles/sat/puzzle_10x10_hard_5.txt,10x10,10x10,hard,5,SAT,0,1,0.654025,902,1874,0,symbolic_start
iterative,puzzle_10x10_hard_6.txt,data/puzzles/sat/puzzle_10x10_hard_6.txt,10x10,10x10,hard,6,SAT,5,5,0.337524,220,271,4,
flow_timestamp,puzzle_10x10_hard_6.txt,data/puzzles/sat/puzzle_10x10_hard_6.txt,10x10,10x10,hard,6,SAT,0,1,1.062299,902,1874,0,symbolic_start
iterative,puzzle_10x10_hard_7.txt,data/puzzles/sat/puzzle_10x10_hard_7.txt,10x10,10x10,hard,7,SAT,11,11,0.407835,220,271,10,
flow_timestamp,puzzle_10x10_hard_7.txt,data/puzzles/sat/puzzle_10x10_hard_7.txt,10x10,10x10,hard,7,SAT,0,1,1.247293,902,1868,0,symbolic_start
iterative,puzzle_10x10_hard_8.txt,data/puzzles/sat/puzzle_10x10_hard_8.txt,10x10,10x10,hard,8,SAT,6,6,0.316431,220,268,5,
flow_timestamp,puzzle_10x10_hard_8.txt,data/puzzles/sat/puzzle_10x10_hard_8.txt,10x10,10x10,hard,8,SAT,0,1,2.198953,902,1870,0,symbolic_start
iterative,puzzle_10x10_hard_9.txt,data/puzzles/sat/puzzle_10x10_hard_9.txt,10x10,10x10,hard,9,SAT,5,5,0.314364,220,266,4,
flow_timestamp,puzzle_10x10_hard_9.txt,data/puzzles/sat/puzzle_10x10_hard_9.txt,10x10,10x10,hard,9,SAT,0,1,1.144262,902,1869,0,symbolic_start
iterative,puzzle_10x10_normal_1.txt,data/puzzles/sat/puzzle_10x10_normal_1.txt,10x10,10x10,normal,1,SAT,2,2,0.306839,220,267,1,
flow_timestamp,puzzle_10x10_normal_1.txt,data/puzzles/sat/puzzle_10x10_normal_1.txt,10x10,10x10,normal,1,SAT,0,1,1.066432,902,1873,0,symbolic_start
iterative,puzzle_10x10_normal_10.txt,data/puzzles/sat/puzzle_10x10_normal_10.txt,10x10,10x10,normal,10,SAT,7,7,0.295005,220,274,6,
flow_timestamp,puzzle_10x10_normal_10.txt,data/puzzles/sat/puzzle_10x10_normal_10.txt,10x10,10x10,normal,10,SAT,0,1,1.219436,902,1875,0,symbolic_start
iterative,puzzle_10x10_normal_11.txt,data/puzzles/sat/puzzle_10x10_normal_11.txt,10x10,10x10,normal,11,SAT,12,12,0.529267,220,274,11,
flow_timestamp,puzzle_10x10_normal_11.txt,data/puzzles/sat/puzzle_10x10_normal_11.txt,10x10,10x10,normal,11,SAT,0,1,3.439878,902,1870,0,symbolic_start
iterative,puzzle_10x10_normal_12.txt,data/puzzles/sat/puzzle_10x10_normal_12.txt,10x10,10x10,normal,12,SAT,3,3,0.291681,220,270,2,
flow_timestamp,puzzle_10x10_normal_12.txt,data/puzzles/sat/puzzle_10x10_normal_12.txt,10x10,10x10,normal,12,SAT,0,1,0.800224,902,1875,0,symbolic_start
iterative,puzzle_10x10_normal_13.txt,data/puzzles/sat/puzzle_10x10_normal_13.txt,10x10,10x10,normal,13,SAT,4,4,0.282627,220,272,3,
flow_timestamp,puzzle_10x10_normal_13.txt,data/puzzles/sat/puzzle_10x10_normal_13.txt,10x10,10x10,normal,13,SAT,0,1,0.768462,902,1876,0,symbolic_start
iterative,puzzle_10x10_normal_14.txt,data/puzzles/sat/puzzle_10x10_normal_14.txt,10x10,10x10,normal,14,SAT,3,3,0.245693,220,267,2,
flow_timestamp,puzzle_10x10_normal_14.txt,data/puzzles/sat/puzzle_10x10_normal_14.txt,10x10,10x10,normal,14,SAT,0,1,1.349174,902,1872,0,symbolic_start
iterative,puzzle_10x10_normal_15.txt,data/puzzles/sat/puzzle_10x10_normal_15.txt,10x10,10x10,normal,15,SAT,1,1,0.138546,220,280,0,
flow_timestamp,puzzle_10x10_normal_15.txt,data/puzzles/sat/puzzle_10x10_normal_15.txt,10x10,10x10,normal,15,SAT,0,1,0.707339,902,1887,0,symbolic_start
iterative,puzzle_10x10_normal_16.txt,data/puzzles/sat/puzzle_10x10_normal_16.txt,10x10,10x10,normal,16,SAT,5,5,0.281871,220,276,4,
flow_timestamp,puzzle_10x10_normal_16.txt,data/puzzles/sat/puzzle_10x10_normal_16.txt,10x10,10x10,normal,16,SAT,0,1,1.172640,902,1879,0,symbolic_start
iterative,puzzle_10x10_normal_17.txt,data/puzzles/sat/puzzle_10x10_normal_17.txt,10x10,10x10,normal,17,SAT,3,3,0.273959,220,267,2,
flow_timestamp,puzzle_10x10_normal_17.txt,data/puzzles/sat/puzzle_10x10_normal_17.txt,10x10,10x10,normal,17,SAT,0,1,0.932529,902,1872,0,symbolic_start
iterative,puzzle_10x10_normal_18.txt,data/puzzles/sat/puzzle_10x10_normal_18.txt,10x10,10x10,normal,18,SAT,5,5,0.254843,220,269,4,
flow_timestamp,puzzle_10x10_normal_18.txt,data/puzzles/sat/puzzle_10x10_normal_18.txt,10x10,10x10,normal,18,SAT,0,1,0.814510,902,1872,0,symbolic_start
iterative,puzzle_10x10_normal_19.txt,data/puzzles/sat/puzzle_10x10_normal_19.txt,10x10,10x10,normal,19,SAT,5,5,0.263364,220,276,4,
flow_timestamp,puzzle_10x10_normal_19.txt,data/puzzles/sat/puzzle_10x10_normal_19.txt,10x10,10x10,normal,19,SAT,0,1,0.935365,902,1879,0,symbolic_start
iterative,puzzle_10x10_normal_2.txt,data/puzzles/sat/puzzle_10x10_normal_2.txt,10x10,10x10,normal,2,SAT,2,2,0.235475,220,273,1,
flow_timestamp,puzzle_10x10_normal_2.txt,data/puzzles/sat/puzzle_10x10_normal_2.txt,10x10,10x10,normal,2,SAT,0,1,1.005362,902,1879,0,symbolic_start
iterative,puzzle_10x10_normal_20.txt,data/puzzles/sat/puzzle_10x10_normal_20.txt,10x10,10x10,normal,20,SAT,4,4,0.275805,220,272,3,
flow_timestamp,puzzle_10x10_normal_20.txt,data/puzzles/sat/puzzle_10x10_normal_20.txt,10x10,10x10,normal,20,SAT,0,1,1.002634,902,1876,0,symbolic_start
iterative,puzzle_10x10_normal_21.txt,data/puzzles/sat/puzzle_10x10_normal_21.txt,10x10,10x10,normal,21,SAT,6,6,0.275523,220,277,5,
flow_timestamp,puzzle_10x10_normal_21.txt,data/puzzles/sat/puzzle_10x10_normal_21.txt,10x10,10x10,normal,21,SAT,0,1,1.055939,902,1879,0,symbolic_start
iterative,puzzle_10x10_normal_22.txt,data/puzzles/sat/puzzle_10x10_normal_22.txt,10x10,10x10,normal,22,SAT,1,1,0.158576,220,275,0,
flow_timestamp,puzzle_10x10_normal_22.txt,data/puzzles/sat/puzzle_10x10_normal_22.txt,10x10,10x10,normal,22,SAT,0,1,0.642292,902,1882,0,symbolic_start
iterative,puzzle_10x10_normal_23.txt,data/puzzles/sat/puzzle_10x10_normal_23.txt,10x10,10x10,normal,23,SAT,5,5,0.261652,220,269,4,
flow_timestamp,puzzle_10x10_normal_23.txt,data/puzzles/sat/puzzle_10x10_normal_23.txt,10x10,10x10,normal,23,SAT,0,1,0.848741,902,1872,0,symbolic_start
iterative,puzzle_10x10_normal_24.txt,data/puzzles/sat/puzzle_10x10_normal_24.txt,10x10,10x10,normal,24,SAT,1,1,0.113735,220,270,0,
flow_timestamp,puzzle_10x10_normal_24.txt,data/puzzles/sat/puzzle_10x10_normal_24.txt,10x10,10x10,normal,24,SAT,0,1,0.555618,902,1877,0,symbolic_start
iterative,puzzle_10x10_normal_25.txt,data/puzzles/sat/puzzle_10x10_normal_25.txt,10x10,10x10,normal,25,SAT,6,6,0.335174,220,273,5,
flow_timestamp,puzzle_10x10_normal_25.txt,data/puzzles/sat/puzzle_10x10_normal_25.txt,10x10,10x10,normal,25,SAT,0,1,1.482657,902,1875,0,symbolic_start
iterative,puzzle_10x10_normal_26.txt,data/puzzles/sat/puzzle_10x10_normal_26.txt,10x10,10x10,normal,26,SAT,4,4,0.261756,220,281,3,
flow_timestamp,puzzle_10x10_normal_26.txt,data/puzzles/sat/puzzle_10x10_normal_26.txt,10x10,10x10,normal,26,SAT,0,1,0.845419,902,1885,0,symbolic_start
iterative,puzzle_10x10_normal_27.txt,data/puzzles/sat/puzzle_10x10_normal_27.txt,10x10,10x10,normal,27,SAT,2,2,0.190964,220,270,1,
flow_timestamp,puzzle_10x10_normal_27.txt,data/puzzles/sat/puzzle_10x10_normal_27.txt,10x10,10x10,normal,27,SAT,0,1,0.774816,902,1876,0,symbolic_start
iterative,puzzle_10x10_normal_28.txt,data/puzzles/sat/puzzle_10x10_normal_28.txt,10x10,10x10,normal,28,SAT,1,1,0.125225,220,276,0,
flow_timestamp,puzzle_10x10_normal_28.txt,data/puzzles/sat/puzzle_10x10_normal_28.txt,10x10,10x10,normal,28,SAT,0,1,0.675545,902,1883,0,symbolic_start
iterative,puzzle_10x10_normal_29.txt,data/puzzles/sat/puzzle_10x10_normal_29.txt,10x10,10x10,normal,29,SAT,1,1,0.128939,220,276,0,
flow_timestamp,puzzle_10x10_normal_29.txt,data/puzzles/sat/puzzle_10x10_normal_29.txt,10x10,10x10,normal,29,SAT,0,1,0.898479,902,1883,0,symbolic_start
iterative,puzzle_10x10_normal_3.txt,data/puzzles/sat/puzzle_10x10_normal_3.txt,10x10,10x10,normal,3,SAT,3,3,0.249300,220,273,2,
flow_timestamp,puzzle_10x10_normal_3.txt,data/puzzles/sat/puzzle_10x10_normal_3.txt,10x10,10x10,normal,3,SAT,0,1,0.672761,902,1878,0,symbolic_start
iterative,puzzle_10x10_normal_30.txt,data/puzzles/sat/puzzle_10x10_normal_30.txt,10x10,10x10,normal,30,SAT,2,2,0.289014,220,276,1,
flow_timestamp,puzzle_10x10_normal_30.txt,data/puzzles/sat/puzzle_10x10_normal_30.txt,10x10,10x10,normal,30,SAT,0,1,0.991670,902,1882,0,symbolic_start
iterative,puzzle_10x10_normal_4.txt,data/puzzles/sat/puzzle_10x10_normal_4.txt,10x10,10x10,normal,4,SAT,1,1,0.122505,220,271,0,
flow_timestamp,puzzle_10x10_normal_4.txt,data/puzzles/sat/puzzle_10x10_normal_4.txt,10x10,10x10,normal,4,SAT,0,1,0.866994,902,1878,0,symbolic_start
iterative,puzzle_10x10_normal_5.txt,data/puzzles/sat/puzzle_10x10_normal_5.txt,10x10,10x10,normal,5,SAT,2,2,0.214951,220,272,1,
flow_timestamp,puzzle_10x10_normal_5.txt,data/puzzles/sat/puzzle_10x10_normal_5.txt,10x10,10x10,normal,5,SAT,0,1,0.614945,902,1878,0,symbolic_start
iterative,puzzle_10x10_normal_6.txt,data/puzzles/sat/puzzle_10x10_normal_6.txt,10x10,10x10,normal,6,SAT,6,6,0.256462,220,280,5,
flow_timestamp,puzzle_10x10_normal_6.txt,data/puzzles/sat/puzzle_10x10_normal_6.txt,10x10,10x10,normal,6,SAT,0,1,0.894159,902,1882,0,symbolic_start
iterative,puzzle_10x10_normal_7.txt,data/puzzles/sat/puzzle_10x10_normal_7.txt,10x10,10x10,normal,7,SAT,6,6,0.329728,220,273,5,
flow_timestamp,puzzle_10x10_normal_7.txt,data/puzzles/sat/puzzle_10x10_normal_7.txt,10x10,10x10,normal,7,SAT,0,1,1.019163,902,1875,0,symbolic_start
iterative,puzzle_10x10_normal_8.txt,data/puzzles/sat/puzzle_10x10_normal_8.txt,10x10,10x10,normal,8,SAT,1,1,0.152772,220,275,0,
flow_timestamp,puzzle_10x10_normal_8.txt,data/puzzles/sat/puzzle_10x10_normal_8.txt,10x10,10x10,normal,8,SAT,0,1,0.806903,902,1882,0,symbolic_start
iterative,puzzle_10x10_normal_9.txt,data/puzzles/sat/puzzle_10x10_normal_9.txt,10x10,10x10,normal,9,SAT,1,1,0.136259,220,266,0,
flow_timestamp,puzzle_10x10_normal_9.txt,data/puzzles/sat/puzzle_10x10_normal_9.txt,10x10,10x10,normal,9,SAT,0,1,1.255287,902,1873,0,symbolic_start
iterative,puzzle_15x15_hard_1.txt,data/puzzles/sat/puzzle_15x15_hard_1.txt,15x15,15x15,hard,1,SAT,14,14,1.237782,480,600,13,
flow_timestamp,puzzle_15x15_hard_1.txt,data/puzzles/sat/puzzle_15x15_hard_1.txt,15x15,15x15,hard,1,SAT,0,1,4.954318,1952,4044,0,symbolic_start
iterative,puzzle_15x15_hard_10.txt,data/puzzles/sat/puzzle_15x15_hard_10.txt,15x15,15x15,hard,10,SAT,11,11,1.152383,480,583,10,
flow_timestamp,puzzle_15x15_hard_10.txt,data/puzzles/sat/puzzle_15x15_hard_10.txt,15x15,15x15,hard,10,SAT,0,1,7.787618,1952,4030,0,symbolic_start
iterative,puzzle_15x15_hard_11.txt,data/puzzles/sat/puzzle_15x15_hard_11.txt,15x15,15x15,hard,11,SAT,10,10,1.105873,480,589,9,
flow_timestamp,puzzle_15x15_hard_11.txt,data/puzzles/sat/puzzle_15x15_hard_11.txt,15x15,15x15,hard,11,SAT,0,1,3.431547,1952,4037,0,symbolic_start
iterative,puzzle_15x15_hard_12.txt,data/puzzles/sat/puzzle_15x15_hard_12.txt,15x15,15x15,hard,12,SAT,6,6,0.973952,480,587,5,
flow_timestamp,puzzle_15x15_hard_12.txt,data/puzzles/sat/puzzle_15x15_hard_12.txt,15x15,15x15,hard,12,SAT,0,1,3.906243,1952,4039,0,symbolic_start
iterative,puzzle_15x15_hard_13.txt,data/puzzles/sat/puzzle_15x15_hard_13.txt,15x15,15x15,hard,13,SAT,5,5,1.318933,480,589,4,
flow_timestamp,puzzle_15x15_hard_13.txt,data/puzzles/sat/puzzle_15x15_hard_13.txt,15x15,15x15,hard,13,SAT,0,1,8.364828,1952,4042,0,symbolic_start
iterative,puzzle_15x15_hard_14.txt,data/puzzles/sat/puzzle_15x15_hard_14.txt,15x15,15x15,hard,14,SAT,3,3,1.057268,480,583,2,
flow_timestamp,puzzle_15x15_hard_14.txt,data/puzzles/sat/puzzle_15x15_hard_14.txt,15x15,15x15,hard,14,SAT,0,1,3.612831,1952,4038,0,symbolic_start
iterative,puzzle_15x15_hard_15.txt,data/puzzles/sat/puzzle_15x15_hard_15.txt,15x15,15x15,hard,15,SAT,1,1,0.516872,480,575,0,
flow_timestamp,puzzle_15x15_hard_15.txt,data/puzzles/sat/puzzle_15x15_hard_15.txt,15x15,15x15,hard,15,SAT,0,1,3.539537,1952,4032,0,symbolic_start
iterative,puzzle_15x15_hard_16.txt,data/puzzles/sat/puzzle_15x15_hard_16.txt,15x15,15x15,hard,16,SAT,9,9,1.081897,480,588,8,
flow_timestamp,puzzle_15x15_hard_16.txt,data/puzzles/sat/puzzle_15x15_hard_16.txt,15x15,15x15,hard,16,SAT,0,1,8.971828,1952,4037,0,symbolic_start
iterative,puzzle_15x15_hard_17.txt,data/puzzles/sat/puzzle_15x15_hard_17.txt,15x15,15x15,hard,17,SAT,6,6,1.058640,480,588,5,
flow_timestamp,puzzle_15x15_hard_17.txt,data/puzzles/sat/puzzle_15x15_hard_17.txt,15x15,15x15,hard,17,SAT,0,1,8.096606,1952,4040,0,symbolic_start
iterative,puzzle_15x15_hard_18.txt,data/puzzles/sat/puzzle_15x15_hard_18.txt,15x15,15x15,hard,18,SAT,5,5,1.258019,480,580,4,
flow_timestamp,puzzle_15x15_hard_18.txt,data/puzzles/sat/puzzle_15x15_hard_18.txt,15x15,15x15,hard,18,SAT,0,1,4.744288,1952,4033,0,symbolic_start
iterative,puzzle_15x15_hard_19.txt,data/puzzles/sat/puzzle_15x15_hard_19.txt,15x15,15x15,hard,19,SAT,3,3,0.846495,480,579,2,
flow_timestamp,puzzle_15x15_hard_19.txt,data/puzzles/sat/puzzle_15x15_hard_19.txt,15x15,15x15,hard,19,SAT,0,1,4.453561,1952,4034,0,symbolic_start
iterative,puzzle_15x15_hard_2.txt,data/puzzles/sat/puzzle_15x15_hard_2.txt,15x15,15x15,hard,2,SAT,9,9,1.203063,480,593,8,
flow_timestamp,puzzle_15x15_hard_2.txt,data/puzzles/sat/puzzle_15x15_hard_2.txt,15x15,15x15,hard,2,SAT,0,1,4.156084,1952,4042,0,symbolic_start
iterative,puzzle_15x15_hard_20.txt,data/puzzles/sat/puzzle_15x15_hard_20.txt,15x15,15x15,hard,20,SAT,10,10,1.302554,480,585,9,
flow_timestamp,puzzle_15x15_hard_20.txt,data/puzzles/sat/puzzle_15x15_hard_20.txt,15x15,15x15,hard,20,SAT,0,1,5.035652,1952,4033,0,symbolic_start
iterative,puzzle_15x15_hard_21.txt,data/puzzles/sat/puzzle_15x15_hard_21.txt,15x15,15x15,hard,21,SAT,9,9,1.137456,480,584,8,
flow_timestamp,puzzle_15x15_hard_21.txt,data/puzzles/sat/puzzle_15x15_hard_21.txt,15x15,15x15,hard,21,SAT,0,1,4.024704,1952,4033,0,symbolic_start
iterative,puzzle_15x15_hard_22.txt,data/puzzles/sat/puzzle_15x15_hard_22.txt,15x15,15x15,hard,22,SAT,6,6,1.015504,480,581,5,
flow_timestamp,puzzle_15x15_hard_22.txt,data/puzzles/sat/puzzle_15x15_hard_22.txt,15x15,15x15,hard,22,SAT,0,1,3.728270,1952,4033,0,symbolic_start
iterative,puzzle_15x15_hard_23.txt,data/puzzles/sat/puzzle_15x15_hard_23.txt,15x15,15x15,hard,23,SAT,17,17,1.472807,480,596,16,
flow_timestamp,puzzle_15x15_hard_23.txt,data/puzzles/sat/puzzle_15x15_hard_23.txt,15x15,15x15,hard,23,SAT,0,1,4.663497,1952,4037,0,symbolic_start
iterative,puzzle_15x15_hard_24.txt,data/puzzles/sat/puzzle_15x15_hard_24.txt,15x15,15x15,hard,24,SAT,6,6,1.159712,480,585,5,
flow_timestamp,puzzle_15x15_hard_24.txt,data/puzzles/sat/puzzle_15x15_hard_24.txt,15x15,15x15,hard,24,SAT,0,1,4.190748,1952,4037,0,symbolic_start
iterative,puzzle_15x15_hard_25.txt,data/puzzles/sat/puzzle_15x15_hard_25.txt,15x15,15x15,hard,25,SAT,6,6,1.138251,480,584,5,
flow_timestamp,puzzle_15x15_hard_25.txt,data/puzzles/sat/puzzle_15x15_hard_25.txt,15x15,15x15,hard,25,SAT,0,1,3.958972,1952,4036,0,symbolic_start
iterative,puzzle_15x15_hard_26.txt,data/puzzles/sat/puzzle_15x15_hard_26.txt,15x15,15x15,hard,26,SAT,7,7,1.047929,480,586,6,
flow_timestamp,puzzle_15x15_hard_26.txt,data/puzzles/sat/puzzle_15x15_hard_26.txt,15x15,15x15,hard,26,SAT,0,1,3.788134,1952,4037,0,symbolic_start
iterative,puzzle_15x15_hard_27.txt,data/puzzles/sat/puzzle_15x15_hard_27.txt,15x15,15x15,hard,27,SAT,5,5,1.088964,480,579,4,
flow_timestamp,puzzle_15x15_hard_27.txt,data/puzzles/sat/puzzle_15x15_hard_27.txt,15x15,15x15,hard,27,SAT,0,1,4.895873,1952,4032,0,symbolic_start
iterative,puzzle_15x15_hard_28.txt,data/puzzles/sat/puzzle_15x15_hard_28.txt,15x15,15x15,hard,28,SAT,7,7,1.177836,480,590,6,
flow_timestamp,puzzle_15x15_hard_28.txt,data/puzzles/sat/puzzle_15x15_hard_28.txt,15x15,15x15,hard,28,SAT,0,1,8.316687,1952,4041,0,symbolic_start
iterative,puzzle_15x15_hard_29.txt,data/puzzles/sat/puzzle_15x15_hard_29.txt,15x15,15x15,hard,29,SAT,5,5,1.009108,480,580,4,
flow_timestamp,puzzle_15x15_hard_29.txt,data/puzzles/sat/puzzle_15x15_hard_29.txt,15x15,15x15,hard,29,SAT,0,1,4.767968,1952,4033,0,symbolic_start
iterative,puzzle_15x15_hard_3.txt,data/puzzles/sat/puzzle_15x15_hard_3.txt,15x15,15x15,hard,3,SAT,22,22,1.416872,480,593,21,
flow_timestamp,puzzle_15x15_hard_3.txt,data/puzzles/sat/puzzle_15x15_hard_3.txt,15x15,15x15,hard,3,SAT,0,1,18.577187,1952,4029,0,symbolic_start
iterative,puzzle_15x15_hard_30.txt,data/puzzles/sat/puzzle_15x15_hard_30.txt,15x15,15x15,hard,30,SAT,12,12,1.321339,480,600,11,
flow_timestamp,puzzle_15x15_hard_30.txt,data/puzzles/sat/puzzle_15x15_hard_30.txt,15x15,15x15,hard,30,SAT,0,1,4.087692,1952,4046,0,symbolic_start
iterative,puzzle_15x15_hard_4.txt,data/puzzles/sat/puzzle_15x15_hard_4.txt,15x15,15x15,hard,4,SAT,19,19,1.287010,480,599,18,
flow_timestamp,puzzle_15x15_hard_4.txt,data/puzzles/sat/puzzle_15x15_hard_4.txt,15x15,15x15,hard,4,SAT,0,1,3.943067,1952,4038,0,symbolic_start
iterative,puzzle_15x15_hard_5.txt,data/puzzles/sat/puzzle_15x15_hard_5.txt,15x15,15x15,hard,5,SAT,9,9,1.047045,480,580,8,
flow_timestamp,puzzle_15x15_hard_5.txt,data/puzzles/sat/puzzle_15x15_hard_5.txt,15x15,15x15,hard,5,SAT,0,1,4.502224,1952,4029,0,symbolic_start
iterative,puzzle_15x15_hard_6.txt,data/puzzles/sat/puzzle_15x15_hard_6.txt,15x15,15x15,hard,6,SAT,7,7,1.035182,480,590,6,
flow_timestamp,puzzle_15x15_hard_6.txt,data/puzzles/sat/puzzle_15x15_hard_6.txt,15x15,15x15,hard,6,SAT,0,1,4.063164,1952,4041,0,symbolic_start
iterative,puzzle_15x15_hard_7.txt,data/puzzles/sat/puzzle_15x15_hard_7.txt,15x15,15x15,hard,7,SAT,8,8,1.047482,480,589,7,
flow_timestamp,puzzle_15x15_hard_7.txt,data/puzzles/sat/puzzle_15x15_hard_7.txt,15x15,15x15,hard,7,SAT,0,1,3.910764,1952,4039,0,symbolic_start
iterative,puzzle_15x15_hard_8.txt,data/puzzles/sat/puzzle_15x15_hard_8.txt,15x15,15x15,hard,8,SAT,3,3,1.096867,480,598,2,
flow_timestamp,puzzle_15x15_hard_8.txt,data/puzzles/sat/puzzle_15x15_hard_8.txt,15x15,15x15,hard,8,SAT,0,1,4.177037,1952,4053,0,symbolic_start
iterative,puzzle_15x15_hard_9.txt,data/puzzles/sat/puzzle_15x15_hard_9.txt,15x15,15x15,hard,9,SAT,9,9,1.738406,480,579,8,
flow_timestamp,puzzle_15x15_hard_9.txt,data/puzzles/sat/puzzle_15x15_hard_9.txt,15x15,15x15,hard,9,SAT,0,1,4.587873,1952,4028,0,symbolic_start
iterative,puzzle_15x15_normal_1.txt,data/puzzles/sat/puzzle_15x15_normal_1.txt,15x15,15x15,normal,1,SAT,5,5,1.013673,480,613,4,
flow_timestamp,puzzle_15x15_normal_1.txt,data/puzzles/sat/puzzle_15x15_normal_1.txt,15x15,15x15,normal,1,SAT,0,1,4.031410,1952,4066,0,symbolic_start
iterative,puzzle_15x15_normal_10.txt,data/puzzles/sat/puzzle_15x15_normal_10.txt,15x15,15x15,normal,10,SAT,8,8,0.937274,480,595,7,
flow_timestamp,puzzle_15x15_normal_10.txt,data/puzzles/sat/puzzle_15x15_normal_10.txt,15x15,15x15,normal,10,SAT,0,1,8.586228,1952,4045,0,symbolic_start
iterative,puzzle_15x15_normal_11.txt,data/puzzles/sat/puzzle_15x15_normal_11.txt,15x15,15x15,normal,11,SAT,12,12,1.185312,480,600,11,
flow_timestamp,puzzle_15x15_normal_11.txt,data/puzzles/sat/puzzle_15x15_normal_11.txt,15x15,15x15,normal,11,SAT,0,1,3.866033,1952,4046,0,symbolic_start
iterative,puzzle_15x15_normal_12.txt,data/puzzles/sat/puzzle_15x15_normal_12.txt,15x15,15x15,normal,12,SAT,7,7,1.024486,480,604,6,
flow_timestamp,puzzle_15x15_normal_12.txt,data/puzzles/sat/puzzle_15x15_normal_12.txt,15x15,15x15,normal,12,SAT,0,1,4.928110,1952,4055,0,symbolic_start
iterative,puzzle_15x15_normal_13.txt,data/puzzles/sat/puzzle_15x15_normal_13.txt,15x15,15x15,normal,13,SAT,60,60,1.957456,480,642,59,
flow_timestamp,puzzle_15x15_normal_13.txt,data/puzzles/sat/puzzle_15x15_normal_13.txt,15x15,15x15,normal,13,SAT,0,1,8.677959,1952,4040,0,symbolic_start
iterative,puzzle_15x15_normal_14.txt,data/puzzles/sat/puzzle_15x15_normal_14.txt,15x15,15x15,normal,14,SAT,6,6,1.006341,480,597,5,
flow_timestamp,puzzle_15x15_normal_14.txt,data/puzzles/sat/puzzle_15x15_normal_14.txt,15x15,15x15,normal,14,SAT,0,1,3.964255,1952,4049,0,symbolic_start
iterative,puzzle_15x15_normal_15.txt,data/puzzles/sat/puzzle_15x15_normal_15.txt,15x15,15x15,normal,15,SAT,6,6,0.877191,480,602,5,
flow_timestamp,puzzle_15x15_normal_15.txt,data/puzzles/sat/puzzle_15x15_normal_15.txt,15x15,15x15,normal,15,SAT,0,1,3.668782,1952,4054,0,symbolic_start
iterative,puzzle_15x15_normal_16.txt,data/puzzles/sat/puzzle_15x15_normal_16.txt,15x15,15x15,normal,16,SAT,11,11,1.006811,480,609,10,
flow_timestamp,puzzle_15x15_normal_16.txt,data/puzzles/sat/puzzle_15x15_normal_16.txt,15x15,15x15,normal,16,SAT,0,1,4.081206,1952,4056,0,symbolic_start
iterative,puzzle_15x15_normal_17.txt,data/puzzles/sat/puzzle_15x15_normal_17.txt,15x15,15x15,normal,17,SAT,6,6,1.141689,480,589,5,
flow_timestamp,puzzle_15x15_normal_17.txt,data/puzzles/sat/puzzle_15x15_normal_17.txt,15x15,15x15,normal,17,SAT,0,1,4.374284,1952,4041,0,symbolic_start
iterative,puzzle_15x15_normal_18.txt,data/puzzles/sat/puzzle_15x15_normal_18.txt,15x15,15x15,normal,18,SAT,8,8,1.248160,480,592,7,
flow_timestamp,puzzle_15x15_normal_18.txt,data/puzzles/sat/puzzle_15x15_normal_18.txt,15x15,15x15,normal,18,SAT,0,1,8.195593,1952,4042,0,symbolic_start
iterative,puzzle_15x15_normal_19.txt,data/puzzles/sat/puzzle_15x15_normal_19.txt,15x15,15x15,normal,19,SAT,14,14,1.392384,480,602,13,
flow_timestamp,puzzle_15x15_normal_19.txt,data/puzzles/sat/puzzle_15x15_normal_19.txt,15x15,15x15,normal,19,SAT,0,1,9.787391,1952,4046,0,symbolic_start
iterative,puzzle_15x15_normal_2.txt,data/puzzles/sat/puzzle_15x15_normal_2.txt,15x15,15x15,normal,2,SAT,8,8,0.998867,480,599,7,
flow_timestamp,puzzle_15x15_normal_2.txt,data/puzzles/sat/puzzle_15x15_normal_2.txt,15x15,15x15,normal,2,SAT,0,1,3.964476,1952,4049,0,symbolic_start
iterative,puzzle_15x15_normal_20.txt,data/puzzles/sat/puzzle_15x15_normal_20.txt,15x15,15x15,normal,20,SAT,20,20,1.565625,480,604,19,
flow_timestamp,puzzle_15x15_normal_20.txt,data/puzzles/sat/puzzle_15x15_normal_20.txt,15x15,15x15,normal,20,SAT,0,1,4.667405,1952,4042,0,symbolic_start
iterative,puzzle_15x15_normal_21.txt,data/puzzles/sat/puzzle_15x15_normal_21.txt,15x15,15x15,normal,21,SAT,5,5,0.946556,480,599,4,
flow_timestamp,puzzle_15x15_normal_21.txt,data/puzzles/sat/puzzle_15x15_normal_21.txt,15x15,15x15,normal,21,SAT,0,1,3.168595,1952,4052,0,symbolic_start
iterative,puzzle_15x15_normal_22.txt,data/puzzles/sat/puzzle_15x15_normal_22.txt,15x15,15x15,normal,22,SAT,4,4,1.219145,480,600,3,
flow_timestamp,puzzle_15x15_normal_22.txt,data/puzzles/sat/puzzle_15x15_normal_22.txt,15x15,15x15,normal,22,SAT,0,1,4.053397,1952,4054,0,symbolic_start
iterative,puzzle_15x15_normal_23.txt,data/puzzles/sat/puzzle_15x15_normal_23.txt,15x15,15x15,normal,23,SAT,3,3,1.006160,480,601,2,
flow_timestamp,puzzle_15x15_normal_23.txt,data/puzzles/sat/puzzle_15x15_normal_23.txt,15x15,15x15,normal,23,SAT,0,1,2.958326,1952,4056,0,symbolic_start
iterative,puzzle_15x15_normal_24.txt,data/puzzles/sat/puzzle_15x15_normal_24.txt,15x15,15x15,normal,24,SAT,46,46,2.004944,480,638,45,
flow_timestamp,puzzle_15x15_normal_24.txt,data/puzzles/sat/puzzle_15x15_normal_24.txt,15x15,15x15,normal,24,SAT,0,1,9.337245,1952,4050,0,symbolic_start
iterative,puzzle_15x15_normal_25.txt,data/puzzles/sat/puzzle_15x15_normal_25.txt,15x15,15x15,normal,25,SAT,6,6,1.067066,480,603,5,
flow_timestamp,puzzle_15x15_normal_25.txt,data/puzzles/sat/puzzle_15x15_normal_25.txt,15x15,15x15,normal,25,SAT,0,1,3.830698,1952,4055,0,symbolic_start
iterative,puzzle_15x15_normal_26.txt,data/puzzles/sat/puzzle_15x15_normal_26.txt,15x15,15x15,normal,26,SAT,6,6,1.286638,480,603,5,
flow_timestamp,puzzle_15x15_normal_26.txt,data/puzzles/sat/puzzle_15x15_normal_26.txt,15x15,15x15,normal,26,SAT,0,1,3.847515,1952,4055,0,symbolic_start
iterative,puzzle_15x15_normal_27.txt,data/puzzles/sat/puzzle_15x15_normal_27.txt,15x15,15x15,normal,27,SAT,20,20,1.141820,480,605,19,
flow_timestamp,puzzle_15x15_normal_27.txt,data/puzzles/sat/puzzle_15x15_normal_27.txt,15x15,15x15,normal,27,SAT,0,1,9.359137,1952,4043,0,symbolic_start
iterative,puzzle_15x15_normal_28.txt,data/puzzles/sat/puzzle_15x15_normal_28.txt,15x15,15x15,normal,28,SAT,28,28,1.723260,480,618,27,
flow_timestamp,puzzle_15x15_normal_28.txt,data/puzzles/sat/puzzle_15x15_normal_28.txt,15x15,15x15,normal,28,SAT,0,1,8.697901,1952,4048,0,symbolic_start
iterative,puzzle_15x15_normal_29.txt,data/puzzles/sat/puzzle_15x15_normal_29.txt,15x15,15x15,normal,29,SAT,21,21,1.312761,480,612,20,
flow_timestamp,puzzle_15x15_normal_29.txt,data/puzzles/sat/puzzle_15x15_normal_29.txt,15x15,15x15,normal,29,SAT,0,1,8.421086,1952,4049,0,symbolic_start
iterative,puzzle_15x15_normal_3.txt,data/puzzles/sat/puzzle_15x15_normal_3.txt,15x15,15x15,normal,3,SAT,4,4,0.895055,480,597,3,
flow_timestamp,puzzle_15x15_normal_3.txt,data/puzzles/sat/puzzle_15x15_normal_3.txt,15x15,15x15,normal,3,SAT,0,1,4.867520,1952,4051,0,symbolic_start
iterative,puzzle_15x15_normal_30.txt,data/puzzles/sat/puzzle_15x15_normal_30.txt,15x15,15x15,normal,30,SAT,3,3,0.944405,480,597,2,
flow_timestamp,puzzle_15x15_normal_30.txt,data/puzzles/sat/puzzle_15x15_normal_30.txt,15x15,15x15,normal,30,SAT,0,1,3.538625,1952,4052,0,symbolic_start
iterative,puzzle_15x15_normal_4.txt,data/puzzles/sat/puzzle_15x15_normal_4.txt,15x15,15x15,normal,4,SAT,12,12,1.126146,480,604,11,
flow_timestamp,puzzle_15x15_normal_4.txt,data/puzzles/sat/puzzle_15x15_normal_4.txt,15x15,15x15,normal,4,SAT,0,1,5.035358,1952,4050,0,symbolic_start
iterative,puzzle_15x15_normal_5.txt,data/puzzles/sat/puzzle_15x15_normal_5.txt,15x15,15x15,normal,5,SAT,15,15,1.193834,480,607,14,
flow_timestamp,puzzle_15x15_normal_5.txt,data/puzzles/sat/puzzle_15x15_normal_5.txt,15x15,15x15,normal,5,SAT,0,1,8.162059,1952,4050,0,symbolic_start
iterative,puzzle_15x15_normal_6.txt,data/puzzles/sat/puzzle_15x15_normal_6.txt,15x15,15x15,normal,6,SAT,12,12,1.058729,480,599,11,
flow_timestamp,puzzle_15x15_normal_6.txt,data/puzzles/sat/puzzle_15x15_normal_6.txt,15x15,15x15,normal,6,SAT,0,1,3.514603,1952,4045,0,symbolic_start
iterative,puzzle_15x15_normal_7.txt,data/puzzles/sat/puzzle_15x15_normal_7.txt,15x15,15x15,normal,7,SAT,8,8,1.149199,480,600,7,
flow_timestamp,puzzle_15x15_normal_7.txt,data/puzzles/sat/puzzle_15x15_normal_7.txt,15x15,15x15,normal,7,SAT,0,1,4.132757,1952,4050,0,symbolic_start
iterative,puzzle_15x15_normal_8.txt,data/puzzles/sat/puzzle_15x15_normal_8.txt,15x15,15x15,normal,8,SAT,5,5,0.898762,480,602,4,
flow_timestamp,puzzle_15x15_normal_8.txt,data/puzzles/sat/puzzle_15x15_normal_8.txt,15x15,15x15,normal,8,SAT,0,1,3.955326,1952,4055,0,symbolic_start
iterative,puzzle_15x15_normal_9.txt,data/puzzles/sat/puzzle_15x15_normal_9.txt,15x15,15x15,normal,9,SAT,9,9,1.074881,480,597,8,
flow_timestamp,puzzle_15x15_normal_9.txt,data/puzzles/sat/puzzle_15x15_normal_9.txt,15x15,15x15,normal,9,SAT,0,1,8.338896,1952,4046,0,symbolic_start
iterative,puzzle_20x20_hard_1.txt,data/puzzles/sat/puzzle_20x20_hard_1.txt,20x20,20x20,hard,1,SAT,16,16,3.356065,840,1030,15,
flow_timestamp,puzzle_20x20_hard_1.txt,data/puzzles/sat/puzzle_20x20_hard_1.txt,20x20,20x20,hard,1,SAT,0,1,50.409613,3402,7022,0,symbolic_start
iterative,puzzle_20x20_hard_10.txt,data/puzzles/sat/puzzle_20x20_hard_10.txt,20x20,20x20,hard,10,SAT,31,31,4.892145,840,1032,30,
flow_timestamp,puzzle_20x20_hard_10.txt,data/puzzles/sat/puzzle_20x20_hard_10.txt,20x20,20x20,hard,10,SAT,0,1,54.786998,3402,7009,0,symbolic_start
iterative,puzzle_20x20_hard_11.txt,data/puzzles/sat/puzzle_20x20_hard_11.txt,20x20,20x20,hard,11,SAT,13,13,3.016684,840,1026,12,
flow_timestamp,puzzle_20x20_hard_11.txt,data/puzzles/sat/puzzle_20x20_hard_11.txt,20x20,20x20,hard,11,SAT,0,1,69.405350,3402,7021,0,symbolic_start
iterative,puzzle_20x20_hard_12.txt,data/puzzles/sat/puzzle_20x20_hard_12.txt,20x20,20x20,hard,12,SAT,16,16,2.935829,840,1029,15,
flow_timestamp,puzzle_20x20_hard_12.txt,data/puzzles/sat/puzzle_20x20_hard_12.txt,20x20,20x20,hard,12,SAT,0,1,43.571285,3402,7021,0,symbolic_start
iterative,puzzle_20x20_hard_13.txt,data/puzzles/sat/puzzle_20x20_hard_13.txt,20x20,20x20,hard,13,SAT,14,14,3.548704,840,1016,13,
flow_timestamp,puzzle_20x20_hard_13.txt,data/puzzles/sat/puzzle_20x20_hard_13.txt,20x20,20x20,hard,13,SAT,0,1,38.961817,3402,7010,0,symbolic_start
iterative,puzzle_20x20_hard_14.txt,data/puzzles/sat/puzzle_20x20_hard_14.txt,20x20,20x20,hard,14,SAT,8,8,2.807583,840,1019,7,
flow_timestamp,puzzle_20x20_hard_14.txt,data/puzzles/sat/puzzle_20x20_hard_14.txt,20x20,20x20,hard,14,SAT,0,1,54.733116,3402,7019,0,symbolic_start
iterative,puzzle_20x20_hard_15.txt,data/puzzles/sat/puzzle_20x20_hard_15.txt,20x20,20x20,hard,15,SAT,10,10,2.968208,840,1028,9,
flow_timestamp,puzzle_20x20_hard_15.txt,data/puzzles/sat/puzzle_20x20_hard_15.txt,20x20,20x20,hard,15,SAT,0,1,46.340305,3402,7026,0,symbolic_start
iterative,puzzle_20x20_hard_16.txt,data/puzzles/sat/puzzle_20x20_hard_16.txt,20x20,20x20,hard,16,SAT,10,10,3.132854,840,1025,9,
flow_timestamp,puzzle_20x20_hard_16.txt,data/puzzles/sat/puzzle_20x20_hard_16.txt,20x20,20x20,hard,16,SAT,0,1,34.663207,3402,7023,0,symbolic_start
iterative,puzzle_20x20_hard_17.txt,data/puzzles/sat/puzzle_20x20_hard_17.txt,20x20,20x20,hard,17,SAT,10,10,2.592780,840,1028,9,
flow_timestamp,puzzle_20x20_hard_17.txt,data/puzzles/sat/puzzle_20x20_hard_17.txt,20x20,20x20,hard,17,SAT,0,1,20.902973,3402,7026,0,symbolic_start
iterative,puzzle_20x20_hard_18.txt,data/puzzles/sat/puzzle_20x20_hard_18.txt,20x20,20x20,hard,18,SAT,18,18,3.653414,840,1023,17,
flow_timestamp,puzzle_20x20_hard_18.txt,data/puzzles/sat/puzzle_20x20_hard_18.txt,20x20,20x20,hard,18,SAT,0,1,40.092701,3402,7013,0,symbolic_start
iterative,puzzle_20x20_hard_19.txt,data/puzzles/sat/puzzle_20x20_hard_19.txt,20x20,20x20,hard,19,SAT,19,19,3.186314,840,1025,18,
flow_timestamp,puzzle_20x20_hard_19.txt,data/puzzles/sat/puzzle_20x20_hard_19.txt,20x20,20x20,hard,19,SAT,0,1,50.145705,3402,7014,0,symbolic_start
iterative,puzzle_20x20_hard_2.txt,data/puzzles/sat/puzzle_20x20_hard_2.txt,20x20,20x20,hard,2,SAT,20,20,3.227879,840,1028,19,
flow_timestamp,puzzle_20x20_hard_2.txt,data/puzzles/sat/puzzle_20x20_hard_2.txt,20x20,20x20,hard,2,SAT,0,1,45.129708,3402,7016,0,symbolic_start
iterative,puzzle_20x20_hard_20.txt,data/puzzles/sat/puzzle_20x20_hard_20.txt,20x20,20x20,hard,20,SAT,18,18,3.314679,840,1038,17,
flow_timestamp,puzzle_20x20_hard_20.txt,data/puzzles/sat/puzzle_20x20_hard_20.txt,20x20,20x20,hard,20,SAT,0,1,53.397450,3402,7028,0,symbolic_start
iterative,puzzle_20x20_hard_21.txt,data/puzzles/sat/puzzle_20x20_hard_21.txt,20x20,20x20,hard,21,SAT,34,34,4.215329,840,1034,33,
flow_timestamp,puzzle_20x20_hard_21.txt,data/puzzles/sat/puzzle_20x20_hard_21.txt,20x20,20x20,hard,21,SAT,0,1,80.711644,3402,7008,0,symbolic_start
iterative,puzzle_20x20_hard_22.txt,data/puzzles/sat/puzzle_20x20_hard_22.txt,20x20,20x20,hard,22,SAT,34,34,4.104353,840,1055,33,
flow_timestamp,puzzle_20x20_hard_22.txt,data/puzzles/sat/puzzle_20x20_hard_22.txt,20x20,20x20,hard,22,SAT,0,1,45.371871,3402,7029,0,symbolic_start
iterative,puzzle_20x20_hard_23.txt,data/puzzles/sat/puzzle_20x20_hard_23.txt,20x20,20x20,hard,23,SAT,19,19,3.854402,840,1045,18,
flow_timestamp,puzzle_20x20_hard_23.txt,data/puzzles/sat/puzzle_20x20_hard_23.txt,20x20,20x20,hard,23,SAT,0,1,49.397815,3402,7034,0,symbolic_start
iterative,puzzle_20x20_hard_24.txt,data/puzzles/sat/puzzle_20x20_hard_24.txt,20x20,20x20,hard,24,SAT,12,12,2.965918,840,1030,11,
flow_timestamp,puzzle_20x20_hard_24.txt,data/puzzles/sat/puzzle_20x20_hard_24.txt,20x20,20x20,hard,24,SAT,0,1,39.512564,3402,7026,0,symbolic_start
iterative,puzzle_20x20_hard_25.txt,data/puzzles/sat/puzzle_20x20_hard_25.txt,20x20,20x20,hard,25,SAT,17,17,3.885504,840,1039,16,
flow_timestamp,puzzle_20x20_hard_25.txt,data/puzzles/sat/puzzle_20x20_hard_25.txt,20x20,20x20,hard,25,SAT,0,1,35.767840,3402,7030,0,symbolic_start
iterative,puzzle_20x20_hard_26.txt,data/puzzles/sat/puzzle_20x20_hard_26.txt,20x20,20x20,hard,26,SAT,11,11,3.058580,840,1024,10,
flow_timestamp,puzzle_20x20_hard_26.txt,data/puzzles/sat/puzzle_20x20_hard_26.txt,20x20,20x20,hard,26,SAT,0,1,37.303443,3402,7021,0,symbolic_start
iterative,puzzle_20x20_hard_27.txt,data/puzzles/sat/puzzle_20x20_hard_27.txt,20x20,20x20,hard,27,SAT,13,13,3.270789,840,1017,12,
flow_timestamp,puzzle_20x20_hard_27.txt,data/puzzles/sat/puzzle_20x20_hard_27.txt,20x20,20x20,hard,27,SAT,0,1,44.487792,3402,7012,0,symbolic_start
iterative,puzzle_20x20_hard_28.txt,data/puzzles/sat/puzzle_20x20_hard_28.txt,20x20,20x20,hard,28,SAT,20,20,3.295604,840,1020,19,
flow_timestamp,puzzle_20x20_hard_28.txt,data/puzzles/sat/puzzle_20x20_hard_28.txt,20x20,20x20,hard,28,SAT,0,1,40.590546,3402,7008,0,symbolic_start
iterative,puzzle_20x20_hard_29.txt,data/puzzles/sat/puzzle_20x20_hard_29.txt,20x20,20x20,hard,29,SAT,15,15,3.076055,840,1033,14,
flow_timestamp,puzzle_20x20_hard_29.txt,data/puzzles/sat/puzzle_20x20_hard_29.txt,20x20,20x20,hard,29,SAT,0,1,52.742021,3402,7026,0,symbolic_start
iterative,puzzle_20x20_hard_3.txt,data/puzzles/sat/puzzle_20x20_hard_3.txt,20x20,20x20,hard,3,SAT,17,17,3.436193,840,1031,16,
flow_timestamp,puzzle_20x20_hard_3.txt,data/puzzles/sat/puzzle_20x20_hard_3.txt,20x20,20x20,hard,3,SAT,0,1,55.604846,3402,7022,0,symbolic_start
iterative,puzzle_20x20_hard_30.txt,data/puzzles/sat/puzzle_20x20_hard_30.txt,20x20,20x20,hard,30,SAT,13,13,3.494936,840,1040,12,
flow_timestamp,puzzle_20x20_hard_30.txt,data/puzzles/sat/puzzle_20x20_hard_30.txt,20x20,20x20,hard,30,SAT,0,1,37.468300,3402,7035,0,symbolic_start
iterative,puzzle_20x20_hard_4.txt,data/puzzles/sat/puzzle_20x20_hard_4.txt,20x20,20x20,hard,4,SAT,9,9,3.002436,840,1025,8,
flow_timestamp,puzzle_20x20_hard_4.txt,data/puzzles/sat/puzzle_20x20_hard_4.txt,20x20,20x20,hard,4,SAT,0,1,33.293316,3402,7024,0,symbolic_start
iterative,puzzle_20x20_hard_5.txt,data/puzzles/sat/puzzle_20x20_hard_5.txt,20x20,20x20,hard,5,SAT,38,38,4.281038,840,1054,37,
flow_timestamp,puzzle_20x20_hard_5.txt,data/puzzles/sat/puzzle_20x20_hard_5.txt,20x20,20x20,hard,5,SAT,0,1,41.239449,3402,7024,0,symbolic_start
iterative,puzzle_20x20_hard_6.txt,data/puzzles/sat/puzzle_20x20_hard_6.txt,20x20,20x20,hard,6,SAT,12,12,3.085373,840,1035,11,
flow_timestamp,puzzle_20x20_hard_6.txt,data/puzzles/sat/puzzle_20x20_hard_6.txt,20x20,20x20,hard,6,SAT,0,1,41.429832,3402,7031,0,symbolic_start
iterative,puzzle_20x20_hard_7.txt,data/puzzles/sat/puzzle_20x20_hard_7.txt,20x20,20x20,hard,7,SAT,12,12,3.181584,840,1041,11,
flow_timestamp,puzzle_20x20_hard_7.txt,data/puzzles/sat/puzzle_20x20_hard_7.txt,20x20,20x20,hard,7,SAT,0,1,37.197733,3402,7037,0,symbolic_start
iterative,puzzle_20x20_hard_8.txt,data/puzzles/sat/puzzle_20x20_hard_8.txt,20x20,20x20,hard,8,SAT,77,77,5.143068,840,1096,76,
flow_timestamp,puzzle_20x20_hard_8.txt,data/puzzles/sat/puzzle_20x20_hard_8.txt,20x20,20x20,hard,8,SAT,0,1,51.429656,3402,7027,0,symbolic_start
iterative,puzzle_20x20_hard_9.txt,data/puzzles/sat/puzzle_20x20_hard_9.txt,20x20,20x20,hard,9,SAT,7,7,2.716876,840,1009,6,
flow_timestamp,puzzle_20x20_hard_9.txt,data/puzzles/sat/puzzle_20x20_hard_9.txt,20x20,20x20,hard,9,SAT,0,1,25.264146,3402,7010,0,symbolic_start
iterative,puzzle_20x20_normal_1.txt,data/puzzles/sat/puzzle_20x20_normal_1.txt,20x20,20x20,normal,1,SAT,5,5,2.226928,840,1029,4,
flow_timestamp,puzzle_20x20_normal_1.txt,data/puzzles/sat/puzzle_20x20_normal_1.txt,20x20,20x20,normal,1,SAT,0,1,34.977716,3402,7032,0,symbolic_start
iterative,puzzle_20x20_normal_10.txt,data/puzzles/sat/puzzle_20x20_normal_10.txt,20x20,20x20,normal,10,SAT,3,3,2.074567,840,1042,2,
flow_timestamp,puzzle_20x20_normal_10.txt,data/puzzles/sat/puzzle_20x20_normal_10.txt,20x20,20x20,normal,10,SAT,0,1,19.184160,3402,7047,0,symbolic_start
iterative,puzzle_20x20_normal_11.txt,data/puzzles/sat/puzzle_20x20_normal_11.txt,20x20,20x20,normal,11,SAT,3,3,1.968156,840,1041,2,
flow_timestamp,puzzle_20x20_normal_11.txt,data/puzzles/sat/puzzle_20x20_normal_11.txt,20x20,20x20,normal,11,SAT,0,1,34.475135,3402,7046,0,symbolic_start
iterative,puzzle_20x20_normal_12.txt,data/puzzles/sat/puzzle_20x20_normal_12.txt,20x20,20x20,normal,12,SAT,15,15,2.576276,840,1037,14,
flow_timestamp,puzzle_20x20_normal_12.txt,data/puzzles/sat/puzzle_20x20_normal_12.txt,20x20,20x20,normal,12,SAT,0,1,21.207247,3402,7030,0,symbolic_start
iterative,puzzle_20x20_normal_13.txt,data/puzzles/sat/puzzle_20x20_normal_13.txt,20x20,20x20,normal,13,SAT,27,27,3.276629,840,1053,26,
flow_timestamp,puzzle_20x20_normal_13.txt,data/puzzles/sat/puzzle_20x20_normal_13.txt,20x20,20x20,normal,13,SAT,0,1,44.809091,3402,7034,0,symbolic_start
iterative,puzzle_20x20_normal_14.txt,data/puzzles/sat/puzzle_20x20_normal_14.txt,20x20,20x20,normal,14,SAT,80,80,5.319018,840,1113,79,
flow_timestamp,puzzle_20x20_normal_14.txt,data/puzzles/sat/puzzle_20x20_normal_14.txt,20x20,20x20,normal,14,SAT,0,1,45.976243,3402,7041,0,symbolic_start
iterative,puzzle_20x20_normal_15.txt,data/puzzles/sat/puzzle_20x20_normal_15.txt,20x20,20x20,normal,15,SAT,17,17,2.721229,840,1046,16,
flow_timestamp,puzzle_20x20_normal_15.txt,data/puzzles/sat/puzzle_20x20_normal_15.txt,20x20,20x20,normal,15,SAT,0,1,37.243220,3402,7037,0,symbolic_start
iterative,puzzle_20x20_normal_16.txt,data/puzzles/sat/puzzle_20x20_normal_16.txt,20x20,20x20,normal,16,SAT,16,16,3.401651,840,1053,15,
flow_timestamp,puzzle_20x20_normal_16.txt,data/puzzles/sat/puzzle_20x20_normal_16.txt,20x20,20x20,normal,16,SAT,0,1,36.004029,3402,7045,0,symbolic_start
iterative,puzzle_20x20_normal_17.txt,data/puzzles/sat/puzzle_20x20_normal_17.txt,20x20,20x20,normal,17,SAT,7,7,2.664995,840,1049,6,
flow_timestamp,puzzle_20x20_normal_17.txt,data/puzzles/sat/puzzle_20x20_normal_17.txt,20x20,20x20,normal,17,SAT,0,1,35.067764,3402,7050,0,symbolic_start
iterative,puzzle_20x20_normal_18.txt,data/puzzles/sat/puzzle_20x20_normal_18.txt,20x20,20x20,normal,18,SAT,10,10,2.462751,840,1046,9,
flow_timestamp,puzzle_20x20_normal_18.txt,data/puzzles/sat/puzzle_20x20_normal_18.txt,20x20,20x20,normal,18,SAT,0,1,35.878077,3402,7044,0,symbolic_start
iterative,puzzle_20x20_normal_19.txt,data/puzzles/sat/puzzle_20x20_normal_19.txt,20x20,20x20,normal,19,SAT,4,4,2.223146,840,1040,3,
flow_timestamp,puzzle_20x20_normal_19.txt,data/puzzles/sat/puzzle_20x20_normal_19.txt,20x20,20x20,normal,19,SAT,0,1,24.267807,3402,7044,0,symbolic_start
iterative,puzzle_20x20_normal_2.txt,data/puzzles/sat/puzzle_20x20_normal_2.txt,20x20,20x20,normal,2,SAT,9,9,2.616094,840,1045,8,
flow_timestamp,puzzle_20x20_normal_2.txt,data/puzzles/sat/puzzle_20x20_normal_2.txt,20x20,20x20,normal,2,SAT,0,1,33.367700,3402,7044,0,symbolic_start
iterative,puzzle_20x20_normal_20.txt,data/puzzles/sat/puzzle_20x20_normal_20.txt,20x20,20x20,normal,20,SAT,10,10,2.935256,840,1051,9,
flow_timestamp,puzzle_20x20_normal_20.txt,data/puzzles/sat/puzzle_20x20_normal_20.txt,20x20,20x20,normal,20,SAT,0,1,42.905279,3402,7049,0,symbolic_start
iterative,puzzle_20x20_normal_21.txt,data/puzzles/sat/puzzle_20x20_normal_21.txt,20x20,20x20,normal,21,SAT,9,9,2.812177,840,1045,8,
flow_timestamp,puzzle_20x20_normal_21.txt,data/puzzles/sat/puzzle_20x20_normal_21.txt,20x20,20x20,normal,21,SAT,0,1,50.890062,3402,7044,0,symbolic_start
iterative,puzzle_20x20_normal_22.txt,data/puzzles/sat/puzzle_20x20_normal_22.txt,20x20,20x20,normal,22,SAT,13,13,3.174148,840,1033,12,
flow_timestamp,puzzle_20x20_normal_22.txt,data/puzzles/sat/puzzle_20x20_normal_22.txt,20x20,20x20,normal,22,SAT,0,1,51.538677,3402,7028,0,symbolic_start
iterative,puzzle_20x20_normal_23.txt,data/puzzles/sat/puzzle_20x20_normal_23.txt,20x20,20x20,normal,23,SAT,9,9,2.367653,840,1058,8,
flow_timestamp,puzzle_20x20_normal_23.txt,data/puzzles/sat/puzzle_20x20_normal_23.txt,20x20,20x20,normal,23,SAT,0,1,34.683753,3402,7057,0,symbolic_start
iterative,puzzle_20x20_normal_24.txt,data/puzzles/sat/puzzle_20x20_normal_24.txt,20x20,20x20,normal,24,SAT,35,35,3.691377,840,1044,34,
flow_timestamp,puzzle_20x20_normal_24.txt,data/puzzles/sat/puzzle_20x20_normal_24.txt,20x20,20x20,normal,24,SAT,0,1,42.120838,3402,7017,0,symbolic_start
iterative,puzzle_20x20_normal_25.txt,data/puzzles/sat/puzzle_20x20_normal_25.txt,20x20,20x20,normal,25,SAT,15,15,2.691229,840,1043,14,
flow_timestamp,puzzle_20x20_normal_25.txt,data/puzzles/sat/puzzle_20x20_normal_25.txt,20x20,20x20,normal,25,SAT,0,1,35.692748,3402,7036,0,symbolic_start
iterative,puzzle_20x20_normal_26.txt,data/puzzles/sat/puzzle_20x20_normal_26.txt,20x20,20x20,normal,26,SAT,9,9,2.721110,840,1037,8,
flow_timestamp,puzzle_20x20_normal_26.txt,data/puzzles/sat/puzzle_20x20_normal_26.txt,20x20,20x20,normal,26,SAT,0,1,31.994398,3402,7036,0,symbolic_start
iterative,puzzle_20x20_normal_27.txt,data/puzzles/sat/puzzle_20x20_normal_27.txt,20x20,20x20,normal,27,SAT,15,15,3.201384,840,1025,14,
flow_timestamp,puzzle_20x20_normal_27.txt,data/puzzles/sat/puzzle_20x20_normal_27.txt,20x20,20x20,normal,27,SAT,0,1,46.691169,3402,7018,0,symbolic_start
iterative,puzzle_20x20_normal_28.txt,data/puzzles/sat/puzzle_20x20_normal_28.txt,20x20,20x20,normal,28,SAT,29,29,3.264636,840,1075,28,
flow_timestamp,puzzle_20x20_normal_28.txt,data/puzzles/sat/puzzle_20x20_normal_28.txt,20x20,20x20,normal,28,SAT,0,1,39.912486,3402,7054,0,symbolic_start
iterative,puzzle_20x20_normal_29.txt,data/puzzles/sat/puzzle_20x20_normal_29.txt,20x20,20x20,normal,29,SAT,14,14,2.724013,840,1049,13,
flow_timestamp,puzzle_20x20_normal_29.txt,data/puzzles/sat/puzzle_20x20_normal_29.txt,20x20,20x20,normal,29,SAT,0,1,37.490773,3402,7043,0,symbolic_start
iterative,puzzle_20x20_normal_3.txt,data/puzzles/sat/puzzle_20x20_normal_3.txt,20x20,20x20,normal,3,SAT,14,14,2.753715,840,1046,13,
flow_timestamp,puzzle_20x20_normal_3.txt,data/puzzles/sat/puzzle_20x20_normal_3.txt,20x20,20x20,normal,3,SAT,0,1,22.040868,3402,7040,0,symbolic_start
iterative,puzzle_20x20_normal_30.txt,data/puzzles/sat/puzzle_20x20_normal_30.txt,20x20,20x20,normal,30,SAT,12,12,3.215657,840,1049,11,
flow_timestamp,puzzle_20x20_normal_30.txt,data/puzzles/sat/puzzle_20x20_normal_30.txt,20x20,20x20,normal,30,SAT,0,1,38.064048,3402,7045,0,symbolic_start
iterative,puzzle_20x20_normal_4.txt,data/puzzles/sat/puzzle_20x20_normal_4.txt,20x20,20x20,normal,4,SAT,6,6,2.153931,840,1042,5,
flow_timestamp,puzzle_20x20_normal_4.txt,data/puzzles/sat/puzzle_20x20_normal_4.txt,20x20,20x20,normal,4,SAT,0,1,24.718588,3402,7044,0,symbolic_start
iterative,puzzle_20x20_normal_5.txt,data/puzzles/sat/puzzle_20x20_normal_5.txt,20x20,20x20,normal,5,SAT,10,10,2.466330,840,1029,9,
flow_timestamp,puzzle_20x20_normal_5.txt,data/puzzles/sat/puzzle_20x20_normal_5.txt,20x20,20x20,normal,5,SAT,0,1,23.619011,3402,7027,0,symbolic_start
iterative,puzzle_20x20_normal_6.txt,data/puzzles/sat/puzzle_20x20_normal_6.txt,20x20,20x20,normal,6,SAT,7,7,2.199528,840,1043,6,
flow_timestamp,puzzle_20x20_normal_6.txt,data/puzzles/sat/puzzle_20x20_normal_6.txt,20x20,20x20,normal,6,SAT,0,1,24.481485,3402,7044,0,symbolic_start
iterative,puzzle_20x20_normal_7.txt,data/puzzles/sat/puzzle_20x20_normal_7.txt,20x20,20x20,normal,7,SAT,5,5,2.229350,840,1039,4,
flow_timestamp,puzzle_20x20_normal_7.txt,data/puzzles/sat/puzzle_20x20_normal_7.txt,20x20,20x20,normal,7,SAT,0,1,33.283741,3402,7042,0,symbolic_start
iterative,puzzle_20x20_normal_8.txt,data/puzzles/sat/puzzle_20x20_normal_8.txt,20x20,20x20,normal,8,SAT,7,7,2.781269,840,1043,6,
flow_timestamp,puzzle_20x20_normal_8.txt,data/puzzles/sat/puzzle_20x20_normal_8.txt,20x20,20x20,normal,8,SAT,0,1,34.040039,3402,7044,0,symbolic_start
iterative,puzzle_20x20_normal_9.txt,data/puzzles/sat/puzzle_20x20_normal_9.txt,20x20,20x20,normal,9,SAT,10,10,2.319375,840,1029,9,
flow_timestamp,puzzle_20x20_normal_9.txt,data/puzzles/sat/puzzle_20x20_normal_9.txt,20x20,20x20,normal,9,SAT,0,1,20.712581,3402,7027,0,symbolic_start
iterative,puzzle_7x7_hard_1.txt,data/puzzles/sat/puzzle_7x7_hard_1.txt,7x7,7x7,hard,1,SAT,2,2,0.101558,112,133,1,
flow_timestamp,puzzle_7x7_hard_1.txt,data/puzzles/sat/puzzle_7x7_hard_1.txt,7x7,7x7,hard,1,SAT,0,1,0.429219,464,965,0,symbolic_start
iterative,puzzle_7x7_hard_10.txt,data/puzzles/sat/puzzle_7x7_hard_10.txt,7x7,7x7,hard,10,SAT,7,7,0.121637,112,139,6,
flow_timestamp,puzzle_7x7_hard_10.txt,data/puzzles/sat/puzzle_7x7_hard_10.txt,7x7,7x7,hard,10,SAT,0,1,0.448741,464,966,0,symbolic_start
iterative,puzzle_7x7_hard_11.txt,data/puzzles/sat/puzzle_7x7_hard_11.txt,7x7,7x7,hard,11,SAT,2,2,0.128163,112,138,1,
flow_timestamp,puzzle_7x7_hard_11.txt,data/puzzles/sat/puzzle_7x7_hard_11.txt,7x7,7x7,hard,11,SAT,0,1,0.307417,464,970,0,symbolic_start
iterative,puzzle_7x7_hard_12.txt,data/puzzles/sat/puzzle_7x7_hard_12.txt,7x7,7x7,hard,12,SAT,1,1,0.059853,112,135,0,
flow_timestamp,puzzle_7x7_hard_12.txt,data/puzzles/sat/puzzle_7x7_hard_12.txt,7x7,7x7,hard,12,SAT,0,1,0.326458,464,968,0,symbolic_start
iterative,puzzle_7x7_hard_13.txt,data/puzzles/sat/puzzle_7x7_hard_13.txt,7x7,7x7,hard,13,SAT,2,2,0.104513,112,136,1,
flow_timestamp,puzzle_7x7_hard_13.txt,data/puzzles/sat/puzzle_7x7_hard_13.txt,7x7,7x7,hard,13,SAT,0,1,0.299075,464,968,0,symbolic_start
iterative,puzzle_7x7_hard_14.txt,data/puzzles/sat/puzzle_7x7_hard_14.txt,7x7,7x7,hard,14,SAT,5,5,0.136505,112,143,4,
flow_timestamp,puzzle_7x7_hard_14.txt,data/puzzles/sat/puzzle_7x7_hard_14.txt,7x7,7x7,hard,14,SAT,0,1,0.485671,464,972,0,symbolic_start
iterative,puzzle_7x7_hard_15.txt,data/puzzles/sat/puzzle_7x7_hard_15.txt,7x7,7x7,hard,15,SAT,2,2,0.104956,112,138,1,
flow_timestamp,puzzle_7x7_hard_15.txt,data/puzzles/sat/puzzle_7x7_hard_15.txt,7x7,7x7,hard,15,SAT,0,1,0.272412,464,970,0,symbolic_start
iterative,puzzle_7x7_hard_16.txt,data/puzzles/sat/puzzle_7x7_hard_16.txt,7x7,7x7,hard,16,SAT,2,2,0.117094,112,138,1,
flow_timestamp,puzzle_7x7_hard_16.txt,data/puzzles/sat/puzzle_7x7_hard_16.txt,7x7,7x7,hard,16,SAT,0,1,0.329797,464,970,0,symbolic_start
iterative,puzzle_7x7_hard_17.txt,data/puzzles/sat/puzzle_7x7_hard_17.txt,7x7,7x7,hard,17,SAT,8,8,0.119315,112,137,7,
flow_timestamp,puzzle_7x7_hard_17.txt,data/puzzles/sat/puzzle_7x7_hard_17.txt,7x7,7x7,hard,17,SAT,0,1,0.230760,464,963,0,symbolic_start
iterative,puzzle_7x7_hard_18.txt,data/puzzles/sat/puzzle_7x7_hard_18.txt,7x7,7x7,hard,18,SAT,1,1,0.069400,112,136,0,
flow_timestamp,puzzle_7x7_hard_18.txt,data/puzzles/sat/puzzle_7x7_hard_18.txt,7x7,7x7,hard,18,SAT,0,1,0.247253,464,969,0,symbolic_start
iterative,puzzle_7x7_hard_19.txt,data/puzzles/sat/puzzle_7x7_hard_19.txt,7x7,7x7,hard,19,SAT,5,5,0.114866,112,138,4,
flow_timestamp,puzzle_7x7_hard_19.txt,data/puzzles/sat/puzzle_7x7_hard_19.txt,7x7,7x7,hard,19,SAT,0,1,0.252403,464,967,0,symbolic_start
iterative,puzzle_7x7_hard_2.txt,data/puzzles/sat/puzzle_7x7_hard_2.txt,7x7,7x7,hard,2,SAT,3,3,0.097225,112,137,2,
flow_timestamp,puzzle_7x7_hard_2.txt,data/puzzles/sat/puzzle_7x7_hard_2.txt,7x7,7x7,hard,2,SAT,0,1,0.278598,464,968,0,symbolic_start
iterative,puzzle_7x7_hard_20.txt,data/puzzles/sat/puzzle_7x7_hard_20.txt,7x7,7x7,hard,20,SAT,2,2,0.095546,112,136,1,
flow_timestamp,puzzle_7x7_hard_20.txt,data/puzzles/sat/puzzle_7x7_hard_20.txt,7x7,7x7,hard,20,SAT,0,1,0.224847,464,968,0,symbolic_start
iterative,puzzle_7x7_hard_21.txt,data/puzzles/sat/puzzle_7x7_hard_21.txt,7x7,7x7,hard,21,SAT,6,6,0.124393,112,137,5,
flow_timestamp,puzzle_7x7_hard_21.txt,data/puzzles/sat/puzzle_7x7_hard_21.txt,7x7,7x7,hard,21,SAT,0,1,0.642190,464,965,0,symbolic_start
iterative,puzzle_7x7_hard_22.txt,data/puzzles/sat/puzzle_7x7_hard_22.txt,7x7,7x7,hard,22,SAT,2,2,0.115304,112,141,1,
flow_timestamp,puzzle_7x7_hard_22.txt,data/puzzles/sat/puzzle_7x7_hard_22.txt,7x7,7x7,hard,22,SAT,0,1,0.376053,464,973,0,symbolic_start
iterative,puzzle_7x7_hard_23.txt,data/puzzles/sat/puzzle_7x7_hard_23.txt,7x7,7x7,hard,23,SAT,4,4,0.100326,112,138,3,
flow_timestamp,puzzle_7x7_hard_23.txt,data/puzzles/sat/puzzle_7x7_hard_23.txt,7x7,7x7,hard,23,SAT,0,1,0.232227,464,968,0,symbolic_start
iterative,puzzle_7x7_hard_24.txt,data/puzzles/sat/puzzle_7x7_hard_24.txt,7x7,7x7,hard,24,SAT,1,1,0.065970,112,135,0,
flow_timestamp,puzzle_7x7_hard_24.txt,data/puzzles/sat/puzzle_7x7_hard_24.txt,7x7,7x7,hard,24,SAT,0,1,0.235751,464,968,0,symbolic_start
iterative,puzzle_7x7_hard_25.txt,data/puzzles/sat/puzzle_7x7_hard_25.txt,7x7,7x7,hard,25,SAT,2,2,0.097094,112,136,1,
flow_timestamp,puzzle_7x7_hard_25.txt,data/puzzles/sat/puzzle_7x7_hard_25.txt,7x7,7x7,hard,25,SAT,0,1,0.244140,464,968,0,symbolic_start
iterative,puzzle_7x7_hard_26.txt,data/puzzles/sat/puzzle_7x7_hard_26.txt,7x7,7x7,hard,26,SAT,4,4,0.101704,112,138,3,
flow_timestamp,puzzle_7x7_hard_26.txt,data/puzzles/sat/puzzle_7x7_hard_26.txt,7x7,7x7,hard,26,SAT,0,1,0.332579,464,968,0,symbolic_start
iterative,puzzle_7x7_hard_27.txt,data/puzzles/sat/puzzle_7x7_hard_27.txt,7x7,7x7,hard,27,SAT,1,1,0.060864,112,134,0,
flow_timestamp,puzzle_7x7_hard_27.txt,data/puzzles/sat/puzzle_7x7_hard_27.txt,7x7,7x7,hard,27,SAT,0,1,0.243807,464,967,0,symbolic_start
iterative,puzzle_7x7_hard_28.txt,data/puzzles/sat/puzzle_7x7_hard_28.txt,7x7,7x7,hard,28,SAT,3,3,0.188862,112,139,2,
flow_timestamp,puzzle_7x7_hard_28.txt,data/puzzles/sat/puzzle_7x7_hard_28.txt,7x7,7x7,hard,28,SAT,0,1,0.301826,464,970,0,symbolic_start
iterative,puzzle_7x7_hard_29.txt,data/puzzles/sat/puzzle_7x7_hard_29.txt,7x7,7x7,hard,29,SAT,23,23,0.181689,112,155,22,
flow_timestamp,puzzle_7x7_hard_29.txt,data/puzzles/sat/puzzle_7x7_hard_29.txt,7x7,7x7,hard,29,SAT,0,1,0.496176,464,966,0,symbolic_start
iterative,puzzle_7x7_hard_3.txt,data/puzzles/sat/puzzle_7x7_hard_3.txt,7x7,7x7,hard,3,SAT,3,3,0.147244,112,137,2,
flow_timestamp,puzzle_7x7_hard_3.txt,data/puzzles/sat/puzzle_7x7_hard_3.txt,7x7,7x7,hard,3,SAT,0,1,0.656344,464,968,0,symbolic_start
iterative,puzzle_7x7_hard_30.txt,data/puzzles/sat/puzzle_7x7_hard_30.txt,7x7,7x7,hard,30,SAT,2,2,0.091259,112,133,1,
flow_timestamp,puzzle_7x7_hard_30.txt,data/puzzles/sat/puzzle_7x7_hard_30.txt,7x7,7x7,hard,30,SAT,0,1,0.306592,464,965,0,symbolic_start
iterative,puzzle_7x7_hard_4.txt,data/puzzles/sat/puzzle_7x7_hard_4.txt,7x7,7x7,hard,4,SAT,1,1,0.062908,112,141,0,
flow_timestamp,puzzle_7x7_hard_4.txt,data/puzzles/sat/puzzle_7x7_hard_4.txt,7x7,7x7,hard,4,SAT,0,1,0.256303,464,974,0,symbolic_start
iterative,puzzle_7x7_hard_5.txt,data/puzzles/sat/puzzle_7x7_hard_5.txt,7x7,7x7,hard,5,SAT,3,3,0.104831,112,136,2,
flow_timestamp,puzzle_7x7_hard_5.txt,data/puzzles/sat/puzzle_7x7_hard_5.txt,7x7,7x7,hard,5,SAT,0,1,0.290690,464,967,0,symbolic_start
iterative,puzzle_7x7_hard_6.txt,data/puzzles/sat/puzzle_7x7_hard_6.txt,7x7,7x7,hard,6,SAT,4,4,0.105316,112,138,3,
flow_timestamp,puzzle_7x7_hard_6.txt,data/puzzles/sat/puzzle_7x7_hard_6.txt,7x7,7x7,hard,6,SAT,0,1,0.318208,464,968,0,symbolic_start
iterative,puzzle_7x7_hard_7.txt,data/puzzles/sat/puzzle_7x7_hard_7.txt,7x7,7x7,hard,7,SAT,4,4,0.149105,112,141,3,
flow_timestamp,puzzle_7x7_hard_7.txt,data/puzzles/sat/puzzle_7x7_hard_7.txt,7x7,7x7,hard,7,SAT,0,1,0.415830,464,971,0,symbolic_start
iterative,puzzle_7x7_hard_8.txt,data/puzzles/sat/puzzle_7x7_hard_8.txt,7x7,7x7,hard,8,SAT,4,4,0.106063,112,140,3,
flow_timestamp,puzzle_7x7_hard_8.txt,data/puzzles/sat/puzzle_7x7_hard_8.txt,7x7,7x7,hard,8,SAT,0,1,0.283063,464,970,0,symbolic_start
iterative,puzzle_7x7_hard_9.txt,data/puzzles/sat/puzzle_7x7_hard_9.txt,7x7,7x7,hard,9,SAT,3,3,0.113973,112,140,2,
flow_timestamp,puzzle_7x7_hard_9.txt,data/puzzles/sat/puzzle_7x7_hard_9.txt,7x7,7x7,hard,9,SAT,0,1,0.277072,464,971,0,symbolic_start
iterative,puzzle_7x7_normal_1.txt,data/puzzles/sat/puzzle_7x7_normal_1.txt,7x7,7x7,normal,1,SAT,9,9,0.127221,112,142,8,
flow_timestamp,puzzle_7x7_normal_1.txt,data/puzzles/sat/puzzle_7x7_normal_1.txt,7x7,7x7,normal,1,SAT,0,1,0.336548,464,967,0,symbolic_start
iterative,puzzle_7x7_normal_10.txt,data/puzzles/sat/puzzle_7x7_normal_10.txt,7x7,7x7,normal,10,SAT,5,5,0.149596,112,140,4,
flow_timestamp,puzzle_7x7_normal_10.txt,data/puzzles/sat/puzzle_7x7_normal_10.txt,7x7,7x7,normal,10,SAT,0,1,0.324299,464,969,0,symbolic_start
iterative,puzzle_7x7_normal_11.txt,data/puzzles/sat/puzzle_7x7_normal_11.txt,7x7,7x7,normal,11,SAT,2,2,0.087458,112,135,1,
flow_timestamp,puzzle_7x7_normal_11.txt,data/puzzles/sat/puzzle_7x7_normal_11.txt,7x7,7x7,normal,11,SAT,0,1,0.230061,464,967,0,symbolic_start
iterative,puzzle_7x7_normal_12.txt,data/puzzles/sat/puzzle_7x7_normal_12.txt,7x7,7x7,normal,12,SAT,10,10,0.153100,112,140,9,
flow_timestamp,puzzle_7x7_normal_12.txt,data/puzzles/sat/puzzle_7x7_normal_12.txt,7x7,7x7,normal,12,SAT,0,1,0.660881,464,964,0,symbolic_start
iterative,puzzle_7x7_normal_13.txt,data/puzzles/sat/puzzle_7x7_normal_13.txt,7x7,7x7,normal,13,SAT,1,1,0.056137,112,137,0,
flow_timestamp,puzzle_7x7_normal_13.txt,data/puzzles/sat/puzzle_7x7_normal_13.txt,7x7,7x7,normal,13,SAT,0,1,0.369713,464,970,0,symbolic_start
iterative,puzzle_7x7_normal_14.txt,data/puzzles/sat/puzzle_7x7_normal_14.txt,7x7,7x7,normal,14,SAT,3,3,0.104359,112,136,2,
flow_timestamp,puzzle_7x7_normal_14.txt,data/puzzles/sat/puzzle_7x7_normal_14.txt,7x7,7x7,normal,14,SAT,0,1,0.338665,464,967,0,symbolic_start
iterative,puzzle_7x7_normal_15.txt,data/puzzles/sat/puzzle_7x7_normal_15.txt,7x7,7x7,normal,15,SAT,2,2,0.102106,112,134,1,
flow_timestamp,puzzle_7x7_normal_15.txt,data/puzzles/sat/puzzle_7x7_normal_15.txt,7x7,7x7,normal,15,SAT,0,1,0.240368,464,966,0,symbolic_start
iterative,puzzle_7x7_normal_16.txt,data/puzzles/sat/puzzle_7x7_normal_16.txt,7x7,7x7,normal,16,SAT,4,4,0.101802,112,139,3,
flow_timestamp,puzzle_7x7_normal_16.txt,data/puzzles/sat/puzzle_7x7_normal_16.txt,7x7,7x7,normal,16,SAT,0,1,0.276995,464,969,0,symbolic_start
iterative,puzzle_7x7_normal_17.txt,data/puzzles/sat/puzzle_7x7_normal_17.txt,7x7,7x7,normal,17,SAT,1,1,0.100834,112,140,0,
flow_timestamp,puzzle_7x7_normal_17.txt,data/puzzles/sat/puzzle_7x7_normal_17.txt,7x7,7x7,normal,17,SAT,0,1,0.285843,464,973,0,symbolic_start
iterative,puzzle_7x7_normal_18.txt,data/puzzles/sat/puzzle_7x7_normal_18.txt,7x7,7x7,normal,18,SAT,1,1,0.059336,112,139,0,
flow_timestamp,puzzle_7x7_normal_18.txt,data/puzzles/sat/puzzle_7x7_normal_18.txt,7x7,7x7,normal,18,SAT,0,1,0.262665,464,972,0,symbolic_start
iterative,puzzle_7x7_normal_19.txt,data/puzzles/sat/puzzle_7x7_normal_19.txt,7x7,7x7,normal,19,SAT,1,1,0.055423,112,141,0,
flow_timestamp,puzzle_7x7_normal_19.txt,data/puzzles/sat/puzzle_7x7_normal_19.txt,7x7,7x7,normal,19,SAT,0,1,0.251303,464,974,0,symbolic_start
iterative,puzzle_7x7_normal_2.txt,data/puzzles/sat/puzzle_7x7_normal_2.txt,7x7,7x7,normal,2,SAT,1,1,0.067020,112,135,0,
flow_timestamp,puzzle_7x7_normal_2.txt,data/puzzles/sat/puzzle_7x7_normal_2.txt,7x7,7x7,normal,2,SAT,0,1,0.214967,464,968,0,symbolic_start
iterative,puzzle_7x7_normal_20.txt,data/puzzles/sat/puzzle_7x7_normal_20.txt,7x7,7x7,normal,20,SAT,2,2,0.098045,112,141,1,
flow_timestamp,puzzle_7x7_normal_20.txt,data/puzzles/sat/puzzle_7x7_normal_20.txt,7x7,7x7,normal,20,SAT,0,1,0.213792,464,973,0,symbolic_start
iterative,puzzle_7x7_normal_21.txt,data/puzzles/sat/puzzle_7x7_normal_21.txt,7x7,7x7,normal,21,SAT,1,1,0.055783,112,136,0,
flow_timestamp,puzzle_7x7_normal_21.txt,data/puzzles/sat/puzzle_7x7_normal_21.txt,7x7,7x7,normal,21,SAT,0,1,0.219357,464,969,0,symbolic_start
iterative,puzzle_7x7_normal_22.txt,data/puzzles/sat/puzzle_7x7_normal_22.txt,7x7,7x7,normal,22,SAT,1,1,0.058670,112,135,0,
flow_timestamp,puzzle_7x7_normal_22.txt,data/puzzles/sat/puzzle_7x7_normal_22.txt,7x7,7x7,normal,22,SAT,0,1,0.354270,464,968,0,symbolic_start
iterative,puzzle_7x7_normal_23.txt,data/puzzles/sat/puzzle_7x7_normal_23.txt,7x7,7x7,normal,23,SAT,6,6,0.127278,112,142,5,
flow_timestamp,puzzle_7x7_normal_23.txt,data/puzzles/sat/puzzle_7x7_normal_23.txt,7x7,7x7,normal,23,SAT,0,1,0.257170,464,970,0,symbolic_start
iterative,puzzle_7x7_normal_24.txt,data/puzzles/sat/puzzle_7x7_normal_24.txt,7x7,7x7,normal,24,SAT,10,10,0.180780,112,142,9,
flow_timestamp,puzzle_7x7_normal_24.txt,data/puzzles/sat/puzzle_7x7_normal_24.txt,7x7,7x7,normal,24,SAT,0,1,0.252175,464,966,0,symbolic_start
iterative,puzzle_7x7_normal_25.txt,data/puzzles/sat/puzzle_7x7_normal_25.txt,7x7,7x7,normal,25,SAT,1,1,0.055179,112,136,0,
flow_timestamp,puzzle_7x7_normal_25.txt,data/puzzles/sat/puzzle_7x7_normal_25.txt,7x7,7x7,normal,25,SAT,0,1,0.268422,464,969,0,symbolic_start
iterative,puzzle_7x7_normal_26.txt,data/puzzles/sat/puzzle_7x7_normal_26.txt,7x7,7x7,normal,26,SAT,4,4,0.103756,112,141,3,
flow_timestamp,puzzle_7x7_normal_26.txt,data/puzzles/sat/puzzle_7x7_normal_26.txt,7x7,7x7,normal,26,SAT,0,1,0.212427,464,971,0,symbolic_start
iterative,puzzle_7x7_normal_27.txt,data/puzzles/sat/puzzle_7x7_normal_27.txt,7x7,7x7,normal,27,SAT,2,2,0.094012,112,140,1,
flow_timestamp,puzzle_7x7_normal_27.txt,data/puzzles/sat/puzzle_7x7_normal_27.txt,7x7,7x7,normal,27,SAT,0,1,0.224838,464,972,0,symbolic_start
iterative,puzzle_7x7_normal_28.txt,data/puzzles/sat/puzzle_7x7_normal_28.txt,7x7,7x7,normal,28,SAT,3,3,0.106040,112,141,2,
flow_timestamp,puzzle_7x7_normal_28.txt,data/puzzles/sat/puzzle_7x7_normal_28.txt,7x7,7x7,normal,28,SAT,0,1,0.238244,464,972,0,symbolic_start
iterative,puzzle_7x7_normal_29.txt,data/puzzles/sat/puzzle_7x7_normal_29.txt,7x7,7x7,normal,29,SAT,3,3,0.122146,112,139,2,
flow_timestamp,puzzle_7x7_normal_29.txt,data/puzzles/sat/puzzle_7x7_normal_29.txt,7x7,7x7,normal,29,SAT,0,1,0.286195,464,970,0,symbolic_start
iterative,puzzle_7x7_normal_3.txt,data/puzzles/sat/puzzle_7x7_normal_3.txt,7x7,7x7,normal,3,SAT,2,2,0.103202,112,139,1,
flow_timestamp,puzzle_7x7_normal_3.txt,data/puzzles/sat/puzzle_7x7_normal_3.txt,7x7,7x7,normal,3,SAT,0,1,0.288263,464,971,0,symbolic_start
iterative,puzzle_7x7_normal_30.txt,data/puzzles/sat/puzzle_7x7_normal_30.txt,7x7,7x7,normal,30,SAT,3,3,0.113383,112,138,2,
flow_timestamp,puzzle_7x7_normal_30.txt,data/puzzles/sat/puzzle_7x7_normal_30.txt,7x7,7x7,normal,30,SAT,0,1,0.284357,464,969,0,symbolic_start
iterative,puzzle_7x7_normal_4.txt,data/puzzles/sat/puzzle_7x7_normal_4.txt,7x7,7x7,normal,4,SAT,1,1,0.061804,112,134,0,
flow_timestamp,puzzle_7x7_normal_4.txt,data/puzzles/sat/puzzle_7x7_normal_4.txt,7x7,7x7,normal,4,SAT,0,1,0.301143,464,967,0,symbolic_start
iterative,puzzle_7x7_normal_5.txt,data/puzzles/sat/puzzle_7x7_normal_5.txt,7x7,7x7,normal,5,SAT,4,4,0.124615,112,141,3,
flow_timestamp,puzzle_7x7_normal_5.txt,data/puzzles/sat/puzzle_7x7_normal_5.txt,7x7,7x7,normal,5,SAT,0,1,0.364310,464,971,0,symbolic_start
iterative,puzzle_7x7_normal_6.txt,data/puzzles/sat/puzzle_7x7_normal_6.txt,7x7,7x7,normal,6,SAT,2,2,0.101823,112,141,1,
flow_timestamp,puzzle_7x7_normal_6.txt,data/puzzles/sat/puzzle_7x7_normal_6.txt,7x7,7x7,normal,6,SAT,0,1,0.236806,464,973,0,symbolic_start
iterative,puzzle_7x7_normal_7.txt,data/puzzles/sat/puzzle_7x7_normal_7.txt,7x7,7x7,normal,7,SAT,1,1,0.061133,112,135,0,
flow_timestamp,puzzle_7x7_normal_7.txt,data/puzzles/sat/puzzle_7x7_normal_7.txt,7x7,7x7,normal,7,SAT,0,1,0.308885,464,968,0,symbolic_start
iterative,puzzle_7x7_normal_8.txt,data/puzzles/sat/puzzle_7x7_normal_8.txt,7x7,7x7,normal,8,SAT,2,2,0.103184,112,139,1,
flow_timestamp,puzzle_7x7_normal_8.txt,data/puzzles/sat/puzzle_7x7_normal_8.txt,7x7,7x7,normal,8,SAT,0,1,0.292355,464,971,0,symbolic_start
iterative,puzzle_7x7_normal_9.txt,data/puzzles/sat/puzzle_7x7_normal_9.txt,7x7,7x7,normal,9,SAT,3,3,0.144172,112,139,2,
flow_timestamp,puzzle_7x7_normal_9.txt,data/puzzles/sat/puzzle_7x7_normal_9.txt,7x7,7x7,normal,9,SAT,0,1,0.300188,464,970,0,symbolic_start
